TEXT,CATEGORY
Help me find a job in IT,Career / Job
Resume tips for fresh graduates?,Career / Job
What are the best career options after BCA??,Career / Job
I need advice on please tell me can you suggest work from home jobs?,Career / Job
Please tell me best online courses for job growth,Career / Job
Can you suggest work from home jobs?,Career / Job
I need advice on how to write a strong cover letter??,Career / Job
I need advice on please tell me what are the best career options after bca?,Career / Job
Help me find a job in IT,Career / Job
How can I prepare for interviews?,Career / Job
Please tell me can you suggest work from home jobs??,Career / Job
Please tell me what are the best career options after bca??,Career / Job
How do I negotiate my salary??,Career / Job
I need advice on please tell me how to write a strong cover letter??,Career / Job
Help me find a job in IT,Career / Job
How to write a strong cover letter??,Career / Job
Please tell me how do i negotiate my salary?,Career / Job
Best online courses for job growth?,Career / Job
I want to switch careers from finance to data science,Career / Job
Please tell me i want to switch careers from finance to data science?,Career / Job
How to write a strong cover letter??,Career / Job
How do I negotiate my salary??,Career / Job
What skills are in demand in 2025?,Career / Job
How do I negotiate my salary?,Career / Job
Please tell me best online courses for job growth?,Career / Job
What are the best career options after BCA?,Career / Job
Can you suggest work from home jobs??,Career / Job
Please tell me what skills are in demand in 2025??,Career / Job
Help me find a job in IT,Career / Job
How to write a strong cover letter?,Career / Job
Best online courses for job growth,Career / Job
Help me find a job in IT,Career / Job
How can I prepare for interviews??,Career / Job
What are the best career options after BCA?,Career / Job
Please tell me what are the best career options after bca?,Career / Job
What are the best career options after BCA?,Career / Job
What skills are in demand in 2025?,Career / Job
Resume tips for fresh graduates?,Career / Job
Please tell me what are the best career options after bca?,Career / Job
How can I prepare for interviews??,Career / Job
I need advice on best online courses for job growth,Career / Job
Best online courses for job growth?,Career / Job
Best online courses for job growth?,Career / Job
Please tell me resume tips for fresh graduates?,Career / Job
Resume tips for fresh graduates,Career / Job
Best online courses for job growth?,Career / Job
Please tell me what are the best career options after bca?,Career / Job
Can you suggest work from home jobs?,Career / Job
Resume tips for fresh graduates,Career / Job
I need advice on how can i prepare for interviews?,Career / Job
Please tell me how do i negotiate my salary?,Career / Job
Please tell me how to write a strong cover letter??,Career / Job
How to write a strong cover letter?,Career / Job
Can you suggest work from home jobs??,Career / Job
I need advice on how do i negotiate my salary?,Career / Job
Please tell me resume tips for fresh graduates?,Career / Job
I want to switch careers from finance to data science?,Career / Job
I want to switch careers from finance to data science,Career / Job
Please tell me how to write a strong cover letter?,Career / Job
Resume tips for fresh graduates?,Career / Job
What are the best career options after BCA??,Career / Job
What skills are in demand in 2025?,Career / Job
Please tell me what skills are in demand in 2025??,Career / Job
Please tell me help me find a job in it?,Career / Job
What skills are in demand in 2025??,Career / Job
Please tell me can you suggest work from home jobs??,Career / Job
Please tell me resume tips for fresh graduates,Career / Job
How do I negotiate my salary?,Career / Job
I need advice on what are the best career options after bca??,Career / Job
I want to switch careers from finance to data science?,Career / Job
Please tell me what skills are in demand in 2025?,Career / Job
Can you suggest work from home jobs?,Career / Job
Please tell me help me find a job in it,Career / Job
Please tell me help me find a job in it?,Career / Job
Resume tips for fresh graduates?,Career / Job
How can I prepare for interviews??,Career / Job
How can I prepare for interviews?,Career / Job
I want to switch careers from finance to data science?,Career / Job
What are the best career options after BCA??,Career / Job
How do I negotiate my salary??,Career / Job
I want to switch careers from finance to data science,Career / Job
Best online courses for job growth?,Career / Job
Help me find a job in IT,Career / Job
What are the best career options after BCA?,Career / Job
I need advice on how can i prepare for interviews??,Career / Job
Can you suggest work from home jobs??,Career / Job
Please tell me what skills are in demand in 2025?,Career / Job
I want to switch careers from finance to data science?,Career / Job
What are the best career options after BCA?,Career / Job
How can I prepare for interviews??,Career / Job
Best online courses for job growth,Career / Job
Please tell me resume tips for fresh graduates,Career / Job
Please tell me resume tips for fresh graduates?,Career / Job
What are the best career options after BCA?,Career / Job
Best online courses for job growth,Career / Job
I want to switch careers from finance to data science?,Career / Job
Help me find a job in IT?,Career / Job
How to write a strong cover letter?,Career / Job
What are the best career options after BCA?,Career / Job
I need advice on please tell me what skills are in demand in 2025??,Career / Job
What should I do if my partner ignores me?,Love / Relationship
Why does he not reply quickly?,Love / Relationship
Will I find love soon??,Love / Relationship
Is my relationship long-lasting?,Love / Relationship
Why does he not reply quickly?,Love / Relationship
What should I do if my partner ignores me??,Love / Relationship
I need advice on will i find love soon?,Love / Relationship
Please tell me will i find love soon??,Love / Relationship
Please tell me why does he not reply quickly??,Love / Relationship
What should I do if my partner ignores me??,Love / Relationship
Please tell me should i confess my feelings to her??,Love / Relationship
I need advice on please tell me should i confess my feelings to her??,Love / Relationship
Please tell me how do i make my relationship stronger??,Love / Relationship
I need advice on should i confess my feelings to her??,Love / Relationship
How to get over a breakup??,Love / Relationship
Signs that my partner is loyal?,Love / Relationship
Please tell me how to get over a breakup?,Love / Relationship
Will I find love soon?,Love / Relationship
Why does he not reply quickly?,Love / Relationship
What should I do if my partner ignores me?,Love / Relationship
Should I confess my feelings to her??,Love / Relationship
How can I build trust in my relationship??,Love / Relationship
How do I make my relationship stronger?,Love / Relationship
Should I confess my feelings to her??,Love / Relationship
I need advice on how do i make my relationship stronger?,Love / Relationship
Please tell me signs that my partner is loyal?,Love / Relationship
Please tell me how do i make my relationship stronger??,Love / Relationship
Should I confess my feelings to her??,Love / Relationship
Please tell me signs that my partner is loyal?,Love / Relationship
Signs that my partner is loyal?,Love / Relationship
I need advice on what should i do if my partner ignores me??,Love / Relationship
Does he truly love me?,Love / Relationship
Why does he not reply quickly??,Love / Relationship
Will I find love soon?,Love / Relationship
I need advice on how to get over a breakup?,Love / Relationship
I need advice on please tell me how do i make my relationship stronger?,Love / Relationship
How to get over a breakup??,Love / Relationship
How do I make my relationship stronger?,Love / Relationship
Does he truly love me?,Love / Relationship
Please tell me signs that my partner is loyal?,Love / Relationship
Please tell me what should i do if my partner ignores me??,Love / Relationship
Please tell me how do i make my relationship stronger??,Love / Relationship
Please tell me will i find love soon?,Love / Relationship
Should I confess my feelings to her?,Love / Relationship
Please tell me will i find love soon?,Love / Relationship
Will I find love soon?,Love / Relationship
Will I find love soon??,Love / Relationship
Is my relationship long-lasting??,Love / Relationship
Please tell me how to get over a breakup?,Love / Relationship
Signs that my partner is loyal??,Love / Relationship
Signs that my partner is loyal??,Love / Relationship
Please tell me will i find love soon??,Love / Relationship
How do I make my relationship stronger?,Love / Relationship
I need advice on how do i make my relationship stronger??,Love / Relationship
How do I make my relationship stronger??,Love / Relationship
How can I build trust in my relationship??,Love / Relationship
Should I confess my feelings to her??,Love / Relationship
Is my relationship long-lasting?,Love / Relationship
Please tell me is my relationship long-lasting??,Love / Relationship
Please tell me will i find love soon??,Love / Relationship
Does he truly love me?,Love / Relationship
I need advice on why does he not reply quickly?,Love / Relationship
Please tell me should i confess my feelings to her?,Love / Relationship
Please tell me should i confess my feelings to her?,Love / Relationship
Should I confess my feelings to her?,Love / Relationship
Should I confess my feelings to her??,Love / Relationship
Why does he not reply quickly??,Love / Relationship
I need advice on please tell me why does he not reply quickly?,Love / Relationship
How can I build trust in my relationship??,Love / Relationship
Does he truly love me??,Love / Relationship
Please tell me how can i build trust in my relationship?,Love / Relationship
How do I make my relationship stronger?,Love / Relationship
Please tell me should i confess my feelings to her??,Love / Relationship
Please tell me signs that my partner is loyal??,Love / Relationship
How do I make my relationship stronger??,Love / Relationship
How can I build trust in my relationship?,Love / Relationship
Is my relationship long-lasting?,Love / Relationship
Please tell me how can i build trust in my relationship??,Love / Relationship
How do I make my relationship stronger??,Love / Relationship
How can I build trust in my relationship?,Love / Relationship
Signs that my partner is loyal?,Love / Relationship
How to get over a breakup?,Love / Relationship
Should I confess my feelings to her?,Love / Relationship
Signs that my partner is loyal??,Love / Relationship
Please tell me how to get over a breakup??,Love / Relationship
Is my relationship long-lasting??,Love / Relationship
What should I do if my partner ignores me?,Love / Relationship
I need advice on what should i do if my partner ignores me?,Love / Relationship
Does he truly love me??,Love / Relationship
Will I find love soon??,Love / Relationship
I need advice on how to get over a breakup??,Love / Relationship
Please tell me how do i make my relationship stronger??,Love / Relationship
Please tell me should i confess my feelings to her??,Love / Relationship
Should I confess my feelings to her?,Love / Relationship
I need advice on how do i make my relationship stronger??,Love / Relationship
Is my relationship long-lasting?,Love / Relationship
Is my relationship long-lasting?,Love / Relationship
What should I do if my partner ignores me?,Love / Relationship
Why does he not reply quickly?,Love / Relationship
How can I build trust in my relationship??,Love / Relationship
Please tell me what are the symptoms of stress??,Health / Wellness
How to control high blood pressure?,Health / Wellness
Please tell me what are the symptoms of stress?,Health / Wellness
What foods boost immunity?,Health / Wellness
Best exercises for weight loss?,Health / Wellness
How much water should I drink daily??,Health / Wellness
Diet plan for diabetes,Health / Wellness
Is intermittent fasting safe??,Health / Wellness
Please tell me what foods boost immunity??,Health / Wellness
Please tell me diet plan for diabetes?,Health / Wellness
What foods boost immunity??,Health / Wellness
Please tell me is intermittent fasting safe?,Health / Wellness
Is yoga good for mental health?,Health / Wellness
Please tell me what are the symptoms of stress??,Health / Wellness
What are the symptoms of stress??,Health / Wellness
Please tell me how much water should i drink daily?,Health / Wellness
How to control high blood pressure?,Health / Wellness
What are the symptoms of stress??,Health / Wellness
Is intermittent fasting safe??,Health / Wellness
I need advice on what foods boost immunity?,Health / Wellness
Please tell me what are the symptoms of stress??,Health / Wellness
What are the symptoms of stress?,Health / Wellness
Best exercises for weight loss,Health / Wellness
Best exercises for weight loss,Health / Wellness
I need advice on best exercises for weight loss?,Health / Wellness
How to cure headache naturally?,Health / Wellness
Please tell me is intermittent fasting safe??,Health / Wellness
I need advice on how to cure headache naturally,Health / Wellness
Best exercises for weight loss,Health / Wellness
Please tell me diet plan for diabetes,Health / Wellness
Please tell me is yoga good for mental health??,Health / Wellness
Is intermittent fasting safe??,Health / Wellness
I need advice on best exercises for weight loss,Health / Wellness
Please tell me what are the symptoms of stress?,Health / Wellness
How to cure headache naturally?,Health / Wellness
Please tell me tips for better sleep?,Health / Wellness
Please tell me is intermittent fasting safe??,Health / Wellness
Best exercises for weight loss,Health / Wellness
Please tell me tips for better sleep,Health / Wellness
Please tell me diet plan for diabetes,Health / Wellness
I need advice on how to cure headache naturally?,Health / Wellness
Best exercises for weight loss,Health / Wellness
How much water should I drink daily?,Health / Wellness
Please tell me tips for better sleep,Health / Wellness
I need advice on is yoga good for mental health?,Health / Wellness
Please tell me what are the symptoms of stress??,Health / Wellness
How much water should I drink daily??,Health / Wellness
Is intermittent fasting safe?,Health / Wellness
How much water should I drink daily?,Health / Wellness
How to control high blood pressure??,Health / Wellness
Please tell me diet plan for diabetes?,Health / Wellness
How to cure headache naturally,Health / Wellness
Please tell me what are the symptoms of stress??,Health / Wellness
What are the symptoms of stress??,Health / Wellness
I need advice on please tell me how much water should i drink daily??,Health / Wellness
Please tell me what foods boost immunity?,Health / Wellness
Please tell me is intermittent fasting safe??,Health / Wellness
Best exercises for weight loss?,Health / Wellness
I need advice on what are the symptoms of stress??,Health / Wellness
I need advice on what foods boost immunity??,Health / Wellness
Please tell me best exercises for weight loss,Health / Wellness
How to control high blood pressure??,Health / Wellness
Please tell me is intermittent fasting safe?,Health / Wellness
Please tell me tips for better sleep?,Health / Wellness
Diet plan for diabetes,Health / Wellness
Is intermittent fasting safe?,Health / Wellness
Tips for better sleep,Health / Wellness
I need advice on please tell me what are the symptoms of stress?,Health / Wellness
Diet plan for diabetes?,Health / Wellness
How much water should I drink daily?,Health / Wellness
Please tell me what are the symptoms of stress?,Health / Wellness
Is intermittent fasting safe?,Health / Wellness
Is intermittent fasting safe??,Health / Wellness
Please tell me is intermittent fasting safe?,Health / Wellness
What foods boost immunity??,Health / Wellness
Please tell me how to control high blood pressure?,Health / Wellness
How to cure headache naturally?,Health / Wellness
Tips for better sleep,Health / Wellness
Please tell me is yoga good for mental health?,Health / Wellness
Please tell me how much water should i drink daily?,Health / Wellness
How to cure headache naturally,Health / Wellness
How to cure headache naturally?,Health / Wellness
Is yoga good for mental health??,Health / Wellness
Please tell me tips for better sleep,Health / Wellness
Best exercises for weight loss?,Health / Wellness
What foods boost immunity??,Health / Wellness
What foods boost immunity?,Health / Wellness
What foods boost immunity??,Health / Wellness
How to control high blood pressure?,Health / Wellness
Please tell me how much water should i drink daily??,Health / Wellness
I need advice on please tell me best exercises for weight loss?,Health / Wellness
Diet plan for diabetes?,Health / Wellness
How to cure headache naturally,Health / Wellness
Tips for better sleep,Health / Wellness
How to control high blood pressure?,Health / Wellness
Please tell me diet plan for diabetes?,Health / Wellness
Please tell me diet plan for diabetes,Health / Wellness
Tips for better sleep?,Health / Wellness
How to control high blood pressure?,Health / Wellness
How much water should I drink daily?,Health / Wellness
How do I reduce my expenses?,Finance / Money
Please tell me best investment options in 2025,Finance / Money
How do I reduce my expenses??,Finance / Money
What is the best way to retire early?,Finance / Money
How do I reduce my expenses?,Finance / Money
How to avoid debt?,Finance / Money
How can I save more money?,Finance / Money
Is cryptocurrency a safe investment?,Finance / Money
Should I buy stocks or mutual funds?,Finance / Money
What is the best way to retire early??,Finance / Money
What is the best way to retire early?,Finance / Money
Should I buy stocks or mutual funds??,Finance / Money
I need advice on is cryptocurrency a safe investment??,Finance / Money
How to avoid debt??,Finance / Money
How to avoid debt?,Finance / Money
I need advice on best investment options in 2025,Finance / Money
Is cryptocurrency a safe investment??,Finance / Money
I need advice on please tell me how can i save more money?,Finance / Money
What is the best way to retire early??,Finance / Money
Should I buy stocks or mutual funds?,Finance / Money
Is cryptocurrency a safe investment??,Finance / Money
How do I reduce my expenses??,Finance / Money
How do I reduce my expenses?,Finance / Money
Please tell me how to increase passive income?,Finance / Money
How to increase passive income??,Finance / Money
Please tell me best credit cards for students?,Finance / Money
Please tell me is cryptocurrency a safe investment?,Finance / Money
Best credit cards for students?,Finance / Money
Please tell me how to avoid debt?,Finance / Money
Please tell me how to increase passive income?,Finance / Money
Should I buy stocks or mutual funds?,Finance / Money
Is cryptocurrency a safe investment??,Finance / Money
Should I buy stocks or mutual funds?,Finance / Money
How do I reduce my expenses??,Finance / Money
How to avoid debt??,Finance / Money
What is the best way to retire early?,Finance / Money
I need advice on what is the best way to retire early?,Finance / Money
Is cryptocurrency a safe investment?,Finance / Money
How to increase passive income??,Finance / Money
Should I buy stocks or mutual funds??,Finance / Money
Please tell me should i buy stocks or mutual funds??,Finance / Money
How can I save more money?,Finance / Money
Please tell me how to avoid debt??,Finance / Money
How can I save more money?,Finance / Money
What is the best way to retire early??,Finance / Money
How to avoid debt??,Finance / Money
How do I reduce my expenses??,Finance / Money
Please tell me how to avoid debt??,Finance / Money
What is the best way to retire early?,Finance / Money
How can I save more money??,Finance / Money
Please tell me how do i reduce my expenses??,Finance / Money
Please tell me how do i reduce my expenses??,Finance / Money
Please tell me is cryptocurrency a safe investment?,Finance / Money
Best credit cards for students?,Finance / Money
Best credit cards for students??,Finance / Money
I need advice on how to increase passive income?,Finance / Money
Please tell me how to increase passive income?,Finance / Money
Please tell me how to increase passive income?,Finance / Money
What is the best way to retire early?,Finance / Money
Best investment options in 2025?,Finance / Money
I need advice on please tell me how to increase passive income?,Finance / Money
Best credit cards for students??,Finance / Money
Best credit cards for students??,Finance / Money
I need advice on should i buy stocks or mutual funds?,Finance / Money
Please tell me is cryptocurrency a safe investment?,Finance / Money
How do I reduce my expenses??,Finance / Money
Best credit cards for students??,Finance / Money
What is the best way to retire early??,Finance / Money
Please tell me is cryptocurrency a safe investment??,Finance / Money
How to avoid debt?,Finance / Money
I need advice on how to increase passive income?,Finance / Money
I need advice on how can i save more money?,Finance / Money
What is the best way to retire early?,Finance / Money
Best credit cards for students?,Finance / Money
What is the best way to retire early?,Finance / Money
Best investment options in 2025?,Finance / Money
How can I save more money?,Finance / Money
Please tell me is cryptocurrency a safe investment?,Finance / Money
Please tell me is cryptocurrency a safe investment??,Finance / Money
How to avoid debt??,Finance / Money
Please tell me how do i reduce my expenses?,Finance / Money
What is the best way to retire early??,Finance / Money
Best investment options in 2025?,Finance / Money
I need advice on is cryptocurrency a safe investment?,Finance / Money
Please tell me best credit cards for students??,Finance / Money
Best credit cards for students??,Finance / Money
Please tell me how to avoid debt??,Finance / Money
What is the best way to retire early??,Finance / Money
I need advice on best investment options in 2025,Finance / Money
Should I buy stocks or mutual funds?,Finance / Money
How do I reduce my expenses??,Finance / Money
Is cryptocurrency a safe investment?,Finance / Money
I need advice on should i buy stocks or mutual funds??,Finance / Money
I need advice on is cryptocurrency a safe investment??,Finance / Money
Should I buy stocks or mutual funds??,Finance / Money
What is the best way to retire early?,Finance / Money
Please tell me how can i save more money?,Finance / Money
How to avoid debt?,Finance / Money
Best investment options in 2025,Finance / Money
How to avoid debt?,Finance / Money
Tips for freshers to crack interviews,Career / Job
Remote job opportunities in India?,Career / Job
Best LinkedIn tips for job seekers,Career / Job
Please tell me tips for freshers to crack interviews,Career / Job
Remote job opportunities in India,Career / Job
Please tell me how to prepare for campus placements??,Career / Job
What should I include in a cover letter?,Career / Job
Best LinkedIn tips for job seekers,Career / Job
Please tell me remote job opportunities in india,Career / Job
Please tell me what should i include in a cover letter??,Career / Job
What are the best certifications for IT jobs??,Career / Job
Remote job opportunities in India,Career / Job
Please tell me tips for freshers to crack interviews?,Career / Job
What should I include in a cover letter?,Career / Job
What are the best certifications for IT jobs??,Career / Job
How do I ask for a promotion??,Career / Job
Please tell me how to handle workplace stress?,Career / Job
How do I ask for a promotion?,Career / Job
What are the best certifications for IT jobs??,Career / Job
Please tell me how do i ask for a promotion?,Career / Job
Remote job opportunities in India,Career / Job
I need advice on which programming language should i learn??,Career / Job
Best LinkedIn tips for job seekers,Career / Job
Remote job opportunities in India,Career / Job
Please tell me which programming language should i learn??,Career / Job
Which programming language should I learn?,Career / Job
Please tell me remote job opportunities in india,Career / Job
How to handle workplace stress??,Career / Job
Please tell me how do i ask for a promotion??,Career / Job
How to handle workplace stress??,Career / Job
Please tell me best linkedin tips for job seekers?,Career / Job
Best LinkedIn tips for job seekers?,Career / Job
Please tell me what should i include in a cover letter??,Career / Job
Please tell me how can i improve my resume?,Career / Job
Remote job opportunities in India,Career / Job
Remote job opportunities in India?,Career / Job
Please tell me what should i include in a cover letter?,Career / Job
What are the best certifications for IT jobs??,Career / Job
Please tell me what should i include in a cover letter??,Career / Job
Please tell me tips for freshers to crack interviews,Career / Job
Tips for freshers to crack interviews,Career / Job
What should I include in a cover letter??,Career / Job
I need advice on remote job opportunities in india?,Career / Job
I need advice on how to prepare for campus placements??,Career / Job
Which programming language should I learn?,Career / Job
How to prepare for campus placements?,Career / Job
Please tell me how do i ask for a promotion??,Career / Job
How to prepare for campus placements?,Career / Job
Tips for freshers to crack interviews,Career / Job
What are the best certifications for IT jobs??,Career / Job
Remote job opportunities in India?,Career / Job
I need advice on please tell me best linkedin tips for job seekers,Career / Job
Please tell me how do i ask for a promotion??,Career / Job
Which programming language should I learn?,Career / Job
How can I improve my resume??,Career / Job
I need advice on remote job opportunities in india?,Career / Job
Please tell me best linkedin tips for job seekers?,Career / Job
I need advice on how to handle workplace stress??,Career / Job
I need advice on please tell me which programming language should i learn??,Career / Job
How can I improve my resume??,Career / Job
Which programming language should I learn?,Career / Job
Which programming language should I learn??,Career / Job
I need advice on please tell me what should i include in a cover letter??,Career / Job
Please tell me best linkedin tips for job seekers,Career / Job
What are the best certifications for IT jobs??,Career / Job
Please tell me which programming language should i learn?,Career / Job
Please tell me how to handle workplace stress?,Career / Job
Tips for freshers to crack interviews,Career / Job
Tips for freshers to crack interviews,Career / Job
What are the best certifications for IT jobs??,Career / Job
Which programming language should I learn?,Career / Job
Remote job opportunities in India?,Career / Job
Please tell me how can i improve my resume?,Career / Job
Please tell me remote job opportunities in india,Career / Job
Tips for freshers to crack interviews?,Career / Job
How to handle workplace stress?,Career / Job
How do I ask for a promotion??,Career / Job
Tips for freshers to crack interviews,Career / Job
How do I ask for a promotion??,Career / Job
What should I include in a cover letter?,Career / Job
I need advice on best linkedin tips for job seekers?,Career / Job
Please tell me how to handle workplace stress??,Career / Job
How to prepare for campus placements??,Career / Job
Which programming language should I learn??,Career / Job
Which programming language should I learn?,Career / Job
How can I improve my resume?,Career / Job
How do I ask for a promotion??,Career / Job
What are the best certifications for IT jobs?,Career / Job
How can I improve my resume?,Career / Job
How to handle workplace stress?,Career / Job
How to handle workplace stress??,Career / Job
Tips for freshers to crack interviews?,Career / Job
What are the best certifications for IT jobs?,Career / Job
Remote job opportunities in India?,Career / Job
How do I ask for a promotion?,Career / Job
How do I ask for a promotion??,Career / Job
Please tell me which programming language should i learn??,Career / Job
Tips for freshers to crack interviews?,Career / Job
I need advice on please tell me how do i ask for a promotion?,Career / Job
I need advice on how to prepare for campus placements??,Career / Job
How to deal with constant fights??,Love / Relationship
Please tell me why is communication important in relationships??,Love / Relationship
Please tell me how do i know if itâ€™s true love?,Love / Relationship
I need advice on how to make my partner happy?,Love / Relationship
Please tell me what if my partner hides things?,Love / Relationship
I need advice on ways to maintain a long distance relationship?,Love / Relationship
Why is communication important in relationships?,Love / Relationship
How can I rebuild trust after cheating??,Love / Relationship
I need advice on please tell me why is communication important in relationships??,Love / Relationship
How to propose to my crush??,Love / Relationship
I need advice on how to know if he will marry me?,Love / Relationship
Please tell me how to deal with constant fights??,Love / Relationship
Please tell me ways to maintain a long distance relationship,Love / Relationship
Why is communication important in relationships?,Love / Relationship
I need advice on why is communication important in relationships?,Love / Relationship
How to deal with constant fights?,Love / Relationship
Please tell me what are signs of a toxic relationship??,Love / Relationship
Why is communication important in relationships?,Love / Relationship
Please tell me what are signs of a toxic relationship?,Love / Relationship
I need advice on how to know if he will marry me??,Love / Relationship
How to identify your soulmate?,Love / Relationship
Please tell me ways to maintain a long distance relationship,Love / Relationship
Why is communication important in relationships?,Love / Relationship
Please tell me how to propose to my crush?,Love / Relationship
Why is communication important in relationships??,Love / Relationship
How to deal with constant fights?,Love / Relationship
How to make my partner happy?,Love / Relationship
Please tell me how to deal with constant fights?,Love / Relationship
I need advice on ways to maintain a long distance relationship?,Love / Relationship
How to make my partner happy?,Love / Relationship
what should I do to make her happy in this relationship?,Love / Relationship
I need advice on how to propose to my crush??,Love / Relationship
How to propose to my crush?,Love / Relationship
What if my partner hides things?,Love / Relationship
Please tell me why is communication important in relationships?,Love / Relationship
What if my partner hides things?,Love / Relationship
How can I rebuild trust after cheating??,Love / Relationship
Please tell me how to propose to my crush?,Love / Relationship
How can I rebuild trust after cheating?,Love / Relationship
How to deal with constant fights??,Love / Relationship
I need advice on why is communication important in relationships?,Love / Relationship
How to make my partner happy?,Love / Relationship
I need advice on how can i rebuild trust after cheating?,Love / Relationship
How to make my partner happy?,Love / Relationship
I need advice on how to propose to my crush??,Love / Relationship
How to propose to my crush??,Love / Relationship
How to make my partner happy??,Love / Relationship
How do I know if he is my soulmate?,Love / Relationship
Please tell me why is communication important in relationships?,Love / Relationship
How to propose to my crush?,Love / Relationship
How can I rebuild trust after cheating?,Love / Relationship
How can I rebuild trust after cheating?,Love / Relationship
Please tell me how to propose to my crush??,Love / Relationship
Please tell me what if my partner hides things?,Love / Relationship
I need advice on why is communication important in relationships??,Love / Relationship
I need advice on please tell me what are signs of a toxic relationship?,Love / Relationship
How can I rebuild trust after cheating?,Love / Relationship
What are signs of a toxic relationship?,Love / Relationship
How can I rebuild trust after cheating??,Love / Relationship
I need advice on please tell me ways to maintain a long distance relationship,Love / Relationship
How to know if he will marry me??,Love / Relationship
Why is communication important in relationships?,Love / Relationship
How do I find my soulmate?,Love / Relationship
How to know if he will marry me?,Love / Relationship
Please tell me what if my partner hides things??,Love / Relationship
How do I know if a person is my soulmate ?,Love / Relationship
How to propose to my crush?,Love / Relationship
How to know if he will marry me?,Love / Relationship
When will I get to know my who is my soulmate?,Love / Relationship
What if my partner hides things?,Love / Relationship
What if my partner hides things?,Love / Relationship
How to know if he will marry me?,Love / Relationship
I need advice on how to make my partner happy?,Love / Relationship
Please tell me how to make my partner happy?,Love / Relationship
I need advice on why is communication important in relationships?,Love / Relationship
How to make my partner happy??,Love / Relationship
I need advice on how to propose to my crush??,Love / Relationship
How to know if he will marry me?,Love / Relationship
How to deal with constant fights?,Love / Relationship
Please tell me how do i know if it is true love?,Love / Relationship
I need advice on what are signs of a toxic relationship??,Love / Relationship
Ways to maintain a long distance relationship?,Love / Relationship
How to know if he will marry me?,Love / Relationship
How can I rebuild trust after cheating?,Love / Relationship
Please tell me what are signs of a toxic relationship??,Love / Relationship
Please tell me how do i know if it's true love??,Love / Relationship
How to deal with constant fights?,Love / Relationship
How to make my partner happy?,Love / Relationship
Please tell me how do i know if it is true love??,Love / Relationship
How to know if he will marry me??,Love / Relationship
How to make my partner happy?,Love / Relationship
What are signs of a toxic relationship??,Love / Relationship
Please tell me how can i rebuild trust after cheating?,Love / Relationship
I need advice on what if my partner hides things??,Love / Relationship
What if my partner hides things??,Love / Relationship
Please tell me how to deal with constant fights?,Love / Relationship
How to deal with constant fights?,Love / Relationship
Please tell me why is communication important in relationships??,Love / Relationship
Please tell me how to deal with constant fights??,Love / Relationship
Why is communication important in relationships?,Love / Relationship
Which foods are good for heart health??,Health / Wellness
Please tell me which foods are good for heart health?,Health / Wellness
How can I improve my posture??,Health / Wellness
Please tell me how to boost metabolism naturally?,Health / Wellness
Best meditation techniques for beginners,Health / Wellness
Please tell me which foods are good for heart health??,Health / Wellness
How can I improve my posture??,Health / Wellness
Please tell me how many hours of sleep are healthy?,Health / Wellness
How many hours of sleep are healthy??,Health / Wellness
How can I improve my posture??,Health / Wellness
Best meditation techniques for beginners?,Health / Wellness
Please tell me what are the benefits of green tea??,Health / Wellness
Please tell me how many hours of sleep are healthy?,Health / Wellness
How to improve gut health?,Health / Wellness
How to deal with anxiety attacks?,Health / Wellness
Please tell me how to improve gut health??,Health / Wellness
How to deal with anxiety attacks?,Health / Wellness
Please tell me how to boost metabolism naturally?,Health / Wellness
How to deal with anxiety attacks??,Health / Wellness
How to avoid seasonal flu??,Health / Wellness
Please tell me how to improve gut health?,Health / Wellness
Best meditation techniques for beginners?,Health / Wellness
I need advice on what are the benefits of green tea??,Health / Wellness
How to deal with anxiety attacks?,Health / Wellness
How to boost metabolism naturally??,Health / Wellness
Best meditation techniques for beginners?,Health / Wellness
How many hours of sleep are healthy??,Health / Wellness
Best meditation techniques for beginners?,Health / Wellness
Please tell me how to improve gut health??,Health / Wellness
What are the benefits of green tea??,Health / Wellness
Please tell me how to improve gut health??,Health / Wellness
Please tell me best tips for glowing skin?,Health / Wellness
Please tell me how to boost metabolism naturally?,Health / Wellness
Which foods are good for heart health??,Health / Wellness
Please tell me how to improve gut health?,Health / Wellness
How can I improve my posture?,Health / Wellness
Please tell me how many hours of sleep are healthy??,Health / Wellness
Please tell me how to improve gut health??,Health / Wellness
Please tell me how to avoid seasonal flu??,Health / Wellness
Best meditation techniques for beginners,Health / Wellness
Please tell me best meditation techniques for beginners?,Health / Wellness
How many hours of sleep are healthy?,Health / Wellness
I need advice on how to boost metabolism naturally??,Health / Wellness
Best tips for glowing skin,Health / Wellness
How to boost metabolism naturally??,Health / Wellness
Please tell me best tips for glowing skin?,Health / Wellness
Which foods are good for heart health??,Health / Wellness
What are the benefits of green tea?,Health / Wellness
What are the benefits of green tea?,Health / Wellness
What are the benefits of green tea??,Health / Wellness
Best tips for glowing skin,Health / Wellness
How to deal with anxiety attacks??,Health / Wellness
How can I improve my posture?,Health / Wellness
How to boost metabolism naturally?,Health / Wellness
How to boost metabolism naturally??,Health / Wellness
I need advice on please tell me how to deal with anxiety attacks?,Health / Wellness
How to boost metabolism naturally?,Health / Wellness
Please tell me how to avoid seasonal flu?,Health / Wellness
How to deal with anxiety attacks??,Health / Wellness
How to boost metabolism naturally??,Health / Wellness
How to boost metabolism naturally??,Health / Wellness
How to boost metabolism naturally??,Health / Wellness
I need advice on please tell me how to avoid seasonal flu?,Health / Wellness
How to improve gut health?,Health / Wellness
Best tips for glowing skin,Health / Wellness
How to avoid seasonal flu??,Health / Wellness
Please tell me how to deal with anxiety attacks?,Health / Wellness
How can I improve my posture?,Health / Wellness
How to deal with anxiety attacks?,Health / Wellness
How to deal with anxiety attacks??,Health / Wellness
Which foods are good for heart health??,Health / Wellness
How to improve gut health??,Health / Wellness
How can I improve my posture?,Health / Wellness
What are the benefits of green tea?,Health / Wellness
Please tell me how many hours of sleep are healthy?,Health / Wellness
What are the benefits of green tea?,Health / Wellness
How to improve gut health??,Health / Wellness
I need advice on best meditation techniques for beginners?,Health / Wellness
I need advice on how to deal with anxiety attacks??,Health / Wellness
Best meditation techniques for beginners?,Health / Wellness
Please tell me best tips for glowing skin,Health / Wellness
What are the benefits of green tea?,Health / Wellness
I need advice on how to avoid seasonal flu??,Health / Wellness
Which foods are good for heart health?,Health / Wellness
Which foods are good for heart health?,Health / Wellness
How to improve gut health??,Health / Wellness
Please tell me how to avoid seasonal flu??,Health / Wellness
How to improve gut health??,Health / Wellness
What are the benefits of green tea??,Health / Wellness
Please tell me which foods are good for heart health?,Health / Wellness
Please tell me how to deal with anxiety attacks??,Health / Wellness
I need advice on how to deal with anxiety attacks?,Health / Wellness
I need advice on best meditation techniques for beginners,Health / Wellness
How to boost metabolism naturally??,Health / Wellness
Please tell me what are the benefits of green tea?,Health / Wellness
I need advice on how many hours of sleep are healthy??,Health / Wellness
I need advice on how to improve gut health??,Health / Wellness
How to boost metabolism naturally?,Health / Wellness
Please tell me how to deal with anxiety attacks?,Health / Wellness
How to deal with anxiety attacks??,Health / Wellness
Please tell me best apps for expense tracking,Finance / Money
What are safe investment options?,Finance / Money
Please tell me how to plan for buying a house??,Finance / Money
What is compound interest in simple words??,Finance / Money
Please tell me what is inflation and how does it affect savings?,Finance / Money
Please tell me best books on personal finance?,Finance / Money
What is compound interest in simple words?,Finance / Money
Best books on personal finance,Finance / Money
How to save money as a student??,Finance / Money
I need advice on please tell me best apps for expense tracking,Finance / Money
How to create an emergency fund??,Finance / Money
I need advice on please tell me how to plan for buying a house??,Finance / Money
How do I start investing with small money?,Finance / Money
What is inflation and how does it affect savings?,Finance / Money
Please tell me what is compound interest in simple words?,Finance / Money
How to create an emergency fund??,Finance / Money
I need advice on please tell me how to save money as a student?,Finance / Money
Best books on personal finance?,Finance / Money
I need advice on how to plan for buying a house??,Finance / Money
Please tell me how to save money as a student?,Finance / Money
How to plan for early retirement?,Finance / Money
What is compound interest in simple words??,Finance / Money
I need advice on please tell me best books on personal finance?,Finance / Money
Please tell me best books on personal finance?,Finance / Money
How do I start investing with small money?,Finance / Money
What is inflation and how does it affect savings??,Finance / Money
What is compound interest in simple words??,Finance / Money
Please tell me what is compound interest in simple words??,Finance / Money
Please tell me how to plan for early retirement?,Finance / Money
How do I start investing with small money??,Finance / Money
What is inflation and how does it affect savings?,Finance / Money
Best books on personal finance?,Finance / Money
I need advice on what are safe investment options?,Finance / Money
Best books on personal finance,Finance / Money
I need advice on what are safe investment options?,Finance / Money
Please tell me what is inflation and how does it affect savings?,Finance / Money
Please tell me best apps for expense tracking?,Finance / Money
Best books on personal finance,Finance / Money
Please tell me how to create an emergency fund??,Finance / Money
Please tell me best apps for expense tracking,Finance / Money
What are safe investment options??,Finance / Money
Best apps for expense tracking,Finance / Money
Best books on personal finance?,Finance / Money
What are safe investment options?,Finance / Money
I need advice on what are safe investment options??,Finance / Money
How do I start investing with small money?,Finance / Money
I need advice on what is compound interest in simple words??,Finance / Money
How to plan for early retirement??,Finance / Money
Please tell me best books on personal finance,Finance / Money
What are safe investment options?,Finance / Money
Please tell me how to create an emergency fund?,Finance / Money
What is inflation and how does it affect savings??,Finance / Money
How to save money as a student??,Finance / Money
Please tell me how to create an emergency fund?,Finance / Money
How to plan for buying a house??,Finance / Money
I need advice on please tell me how to save money as a student??,Finance / Money
How to plan for buying a house??,Finance / Money
How do I start investing with small money??,Finance / Money
Please tell me how to plan for buying a house??,Finance / Money
What is inflation and how does it affect savings?,Finance / Money
Best books on personal finance,Finance / Money
Please tell me how to save money as a student??,Finance / Money
Best apps for expense tracking?,Finance / Money
What are safe investment options??,Finance / Money
Please tell me what is compound interest in simple words?,Finance / Money
What are safe investment options?,Finance / Money
Please tell me how do i start investing with small money?,Finance / Money
I need advice on please tell me what is inflation and how does it affect savings??,Finance / Money
Best books on personal finance,Finance / Money
How to plan for early retirement??,Finance / Money
How to plan for early retirement??,Finance / Money
I need advice on how to create an emergency fund??,Finance / Money
Best apps for expense tracking,Finance / Money
What are safe investment options?,Finance / Money
Please tell me best apps for expense tracking?,Finance / Money
What are safe investment options?,Finance / Money
What are safe investment options?,Finance / Money
I need advice on how to plan for buying a house?,Finance / Money
Best apps for expense tracking?,Finance / Money
I need advice on please tell me how to save money as a student??,Finance / Money
What is compound interest in simple words?,Finance / Money
Please tell me what are safe investment options??,Finance / Money
Best apps for expense tracking,Finance / Money
I need advice on what is inflation and how does it affect savings??,Finance / Money
What is compound interest in simple words??,Finance / Money
What is compound interest in simple words??,Finance / Money
How do I start investing with small money??,Finance / Money
Please tell me best apps for expense tracking,Finance / Money
How to save money as a student??,Finance / Money
I need advice on what is compound interest in simple words??,Finance / Money
Please tell me how to create an emergency fund??,Finance / Money
What are safe investment options??,Finance / Money
What is compound interest in simple words?,Finance / Money
What is compound interest in simple words?,Finance / Money
What are safe investment options?,Finance / Money
Please tell me how to plan for buying a house?,Finance / Money
How do I start investing with small money?,Finance / Money
What is compound interest in simple words??,Finance / Money
What is compound interest in simple words??,Finance / Money
What is inflation and how does it affect savings??,Finance / Money
